nombre,empleo,sueldo
Smith,Ordenanza,800
Jones,Directivo,2975
Blake,Directivo,2850
Clark,Directivo,2450
Scott,Analista,3000
King,Director,5000
Adams,Ordenanza,1100
James,Ordenanza,950
Ford,Analista,3000
Miller,Ordenanza,1300
