numero,nombre,empleo,jefe,fechaEntrada,sueldo,complemento,numeroDepartamento
7369,Smith,Ordenanza,7902,2000-12-17,800,NULL,20
7566,Jones,Directivo,7839,2001-04-02,2975,NULL,20
7698,Blake,Directivo,7839,2001-05-01,2850,NULL,30
7782,Clark,Directivo,7839,2001-06-09,2450,NULL,10
7788,Scott,Analista,7566,2002-12-09,3000,NULL,20
7839,King,Director,NULL,2001-11-17,5000,NULL,10
7876,Adams,Ordenanza,7788,2003-01-12,1100,NULL,20
7900,James,Ordenanza,7698,2001-12-03,950,NULL,30
7902,Ford,Analista,7566,2001-12-03,3000,NULL,20
7934,Miller,Ordenanza,7782,2002-01-23,1300,NULL,10
